{
  "Name": "PolyPortamento",
  "Version": "1.0.0.0",
  "Factory Info": {
    "Vendor": "suzumushi",
    "URL": "https://suzumushi0.hatenablog.com",
    "E-Mail": "mailto:suzumushi9@gmail.com",
    "Flags": {
      "Unicode": true,
      "Classes Discardable": false,
      "Component Non Discardable": false,
    },
  },
  "Classes": [
    {
      "CID": "4CCF5BB359C7586B9C0046EFA69EED29",
      "Category": "Audio Module Class",
      "Name": "PolyPortamento",
      "Vendor": "suzumushi",
      "Version": "1.0.0.0",
      "SDKVersion": "VST 3.7.8",
      "Sub Categories": [
        "Instrument",
      ],
      "Class Flags": 1,
      "Cardinality": 2147483647,
      "Snapshots": [
        {
          "Scale Factor": 1,
          "Path": "Contents/Resources/Snapshots/4CCF5BB359C7586B9C0046EFA69EED29_snapshot.png",
        },
        {
          "Scale Factor": 2,
          "Path": "Contents/Resources/Snapshots/4CCF5BB359C7586B9C0046EFA69EED29_snapshot_2.0x.png",
        },
      ],
    },
    {
      "CID": "1D78D66408F75686B53642A3B7E33E24",
      "Category": "Component Controller Class",
      "Name": "PolyPortamentoController",
      "Vendor": "suzumushi",
      "Version": "1.0.0.0",
      "SDKVersion": "VST 3.7.8",
      "Class Flags": 0,
      "Cardinality": 2147483647,
      "Snapshots": [
      ],
    },
  ],
}